name,email,year,month,day
Mx. Kerry Norman,kohdi111@gmail.com,2008,1,1
Mx. Amanda Jones,kohdi111@gmail.com,2000,1,2
Mx. Theresa Garza,kohdi111@gmail.com,1912,1,3
Mx. Nicole Sanchez PhD,kohdi111@gmail.com,1984,1,4
Mx. Thomas Cabrera,kohdi111@gmail.com,1912,1,5
Mx. Ronald Sanders,kohdi111@gmail.com,2000,1,6
Mx. Jessica Hunt,kohdi111@gmail.com,1996,1,7
Mx. Benjamin Patel,kohdi111@gmail.com,1956,1,8
Mx. Casey Roth,kohdi111@gmail.com,1972,1,9
Mx. Stephen Moore,kohdi111@gmail.com,1920,1,10
Mx. Andrew Hayden,kohdi111@gmail.com,2020,1,11
Mx. Lauren Hinton,kohdi111@gmail.com,1984,1,12
Mx. Stephanie Martin,kohdi111@gmail.com,1988,1,13
Mx. Amber Riley,kohdi111@gmail.com,1924,1,14
Mx. Laura Dillon,kohdi111@gmail.com,1948,1,15
Mx. Danielle Richardson,kohdi111@gmail.com,1960,1,16
Mx. Stephanie Smith,kohdi111@gmail.com,2004,1,17
Mx. Jonathan Austin,kohdi111@gmail.com,1948,1,18
Mx. Christine Fields,kohdi111@gmail.com,1916,1,19
Mx. Scott Spears,kohdi111@gmail.com,1984,1,20
Mx. Brandi Hernandez,kohdi111@gmail.com,1972,1,21
Mrs. Lauren Adams,kohdi111@gmail.com,1912,1,22
Mx. Crystal Perez,kohdi111@gmail.com,1932,1,23
Mx. Paul Taylor,kohdi111@gmail.com,1960,1,24
Mx. Kristie Salazar,kohdi111@gmail.com,1936,1,25
Mx. Charles Lin,kohdi111@gmail.com,2000,1,26
Mx. Scott Pena,kohdi111@gmail.com,1984,1,27
Mx. Norman Chen,kohdi111@gmail.com,1940,1,28
Mx. Felicia Cordova,kohdi111@gmail.com,1928,1,29
Mx. Whitney Moran,kohdi111@gmail.com,1972,1,30
Mx. Brian Jimenez,kohdi111@gmail.com,1968,1,31
Mx. Christopher Mckinney,kohdi111@gmail.com,1972,2,1
Mx. Lori Wolfe,kohdi111@gmail.com,1996,2,2
Mx. Hannah Anderson,kohdi111@gmail.com,1988,2,3
Mx. Angela Romero MD,kohdi111@gmail.com,1920,2,4
Mr. Riley Cooper MD,kohdi111@gmail.com,1924,2,5
Mx. Timothy Rivera,kohdi111@gmail.com,1996,2,6
Mx. Julia Blevins,kohdi111@gmail.com,1996,2,7
Mx. Carol Martin,kohdi111@gmail.com,2016,2,8
Mx. Amy Keith,kohdi111@gmail.com,1996,2,9
Mx. Leonard Boyd,kohdi111@gmail.com,1960,2,10
Mx. Alicia Shaffer,kohdi111@gmail.com,1960,2,11
Mx. Anthony Cook,kohdi111@gmail.com,1944,2,12
Mx. Dawn Kennedy,kohdi111@gmail.com,2008,2,13
Mx. Jeffery Alvarez,kohdi111@gmail.com,1992,2,14
Mx. Megan Carter,kohdi111@gmail.com,2008,2,15
Mx. Rebecca Brewer,kohdi111@gmail.com,1940,2,16
Mx. Matthew Rodriguez,kohdi111@gmail.com,1996,2,17
Mx. Maria Johnson,kohdi111@gmail.com,1912,2,18
Mx. Mark Lindsey,kohdi111@gmail.com,1988,2,19
Mx. David Bell,kohdi111@gmail.com,2016,2,20
Mx. Amber Mcintosh,kohdi111@gmail.com,2016,2,21
Mx. Jordan Morton,kohdi111@gmail.com,1984,2,22
Mx. Thomas Anderson,kohdi111@gmail.com,1980,2,23
Mx. Phillip Stevenson,kohdi111@gmail.com,1968,2,24
Mx. Richard Tanner PhD,kohdi111@gmail.com,2012,2,25
Mx. Timothy Simmons,kohdi111@gmail.com,2000,2,26
Mx. Taylor Avery,kohdi111@gmail.com,2008,2,27
Mx. Mark Hansen,kohdi111@gmail.com,2008,2,28
Mx. Zachary Cohen,kohdi111@gmail.com,1916,2,29
Mx. Teresa Harrison,kohdi111@gmail.com,1940,3,1
Mx. Denise Perez,kohdi111@gmail.com,2004,3,2
Mx. Taylor Rice,kohdi111@gmail.com,1900,3,4
Mx. Benjamin Allen,kohdi111@gmail.com,1976,3,4
Mx. Alex Ray,kohdi111@gmail.com,2020,3,5
Mx. Joyce Campos,kohdi111@gmail.com,1928,3,6
Mx. Yolanda Vazquez,kohdi111@gmail.com,1912,3,7
Mx. Kara Sanchez,kohdi111@gmail.com,1928,3,8
Mx. Heather Cabrera,kohdi111@gmail.com,1976,3,9
Mx. Debbie Mcgee,kohdi111@gmail.com,1924,3,10
Mx. Amanda Gonzalez,kohdi111@gmail.com,1976,3,11
Mx. Ruben Chaney,kohdi111@gmail.com,1904,3,12
Mx. Sarah Murphy,kohdi111@gmail.com,2012,3,13
Mx. Brenda Garner,kohdi111@gmail.com,1924,3,14
Mx. Christina Smith,kohdi111@gmail.com,1936,3,15
Mx. Laura Baker,kohdi111@gmail.com,1904,3,16
Mx. Sarah Ramirez,kohdi111@gmail.com,1928,3,17
Mx. Denise Gibson,kohdi111@gmail.com,1948,3,18
Mx. Whitney Gonzales,kohdi111@gmail.com,1932,3,19
Mx. Robert Bryan,kohdi111@gmail.com,1960,3,20
Mx. Christopher Smith,kohdi111@gmail.com,1952,3,21
Mx. Sherry Walsh,kohdi111@gmail.com,1972,3,22
Mx. Alyssa Jackson,kohdi111@gmail.com,2012,3,23
Mx. Elizabeth Dickerson,kohdi111@gmail.com,1900,3,25
Mx. Robert Hawkins,kohdi111@gmail.com,1948,3,25
Mx. Matthew Koch,kohdi111@gmail.com,1992,3,26
Mr. Jeffrey Nichols,kohdi111@gmail.com,2012,3,27
Mx. Bernard Wilson,kohdi111@gmail.com,1916,3,28
Mx. Antonio Curtis,kohdi111@gmail.com,2008,3,29
Mx. Lisa Gibson,kohdi111@gmail.com,1988,3,30
Mx. Anthony Baker,kohdi111@gmail.com,1980,3,31
Mx. Robert Taylor,kohdi111@gmail.com,1964,4,1
Mx. Phillip Arnold,kohdi111@gmail.com,1952,4,2
Mx. Carmen Allison,kohdi111@gmail.com,1924,4,3
Mx. Danielle Ellison,kohdi111@gmail.com,1932,4,4
Mx. Deborah Foster,kohdi111@gmail.com,1984,4,5
Mx. Lisa Maddox,kohdi111@gmail.com,1992,4,6
Mx. Lisa Parsons,kohdi111@gmail.com,1964,4,7
Mx. Christine Ruiz,kohdi111@gmail.com,1912,4,8
Mx. Phillip Jones,kohdi111@gmail.com,1908,4,9
Mx. Victoria Morgan,kohdi111@gmail.com,1900,4,11
Mx. Michael Monroe,kohdi111@gmail.com,1928,4,11
Mx. Kristen Flores,kohdi111@gmail.com,1988,4,12
Mx. Michael Figueroa,kohdi111@gmail.com,1960,4,13
Mx. Amanda Boyd,kohdi111@gmail.com,1952,4,14
Mx. Christine Conway,kohdi111@gmail.com,1920,4,15
Mx. Antonio Walton,kohdi111@gmail.com,2016,4,16
Mx. Jorge Fletcher,kohdi111@gmail.com,1972,4,17
Mx. Randy Cooper,kohdi111@gmail.com,1968,4,18
Mx. Cheryl Edwards,kohdi111@gmail.com,2020,4,19
Mx. Elizabeth Burton,kohdi111@gmail.com,2016,4,20
Mx. Donna Garcia,kohdi111@gmail.com,1952,4,21
Mx. Tyler Berry,kohdi111@gmail.com,1984,4,22
Mx. Bryan Kelly,kohdi111@gmail.com,2016,4,23
Mx. Daniel White,kohdi111@gmail.com,1916,4,24
Mx. Corey Anderson,kohdi111@gmail.com,2000,4,25
Mx. Travis Crawford,kohdi111@gmail.com,2012,4,26
Mx. Dana Hernandez,kohdi111@gmail.com,1944,4,27
Mx. Elizabeth Estrada,kohdi111@gmail.com,1988,4,28
Mx. Brittany Sims,kohdi111@gmail.com,1928,4,29
Mx. Marcus Gardner,kohdi111@gmail.com,2000,4,30
Dr. Dalton Haas,kohdi111@gmail.com,1996,5,1
Mx. Susan Wilson,kohdi111@gmail.com,1920,5,2
Mx. Zachary Rodriguez,kohdi111@gmail.com,1964,5,3
Mx. Robert Randolph,kohdi111@gmail.com,1944,5,4
Mx. Denise King,kohdi111@gmail.com,1932,5,5
Mx. Katherine Daniels,kohdi111@gmail.com,1992,5,6
Mx. Charles Welch,kohdi111@gmail.com,2020,5,7
Mx. Gabriel Campbell,kohdi111@gmail.com,2008,5,8
Mx. Steven Ryan,kohdi111@gmail.com,2000,5,9
Mx. Joshua Wheeler,kohdi111@gmail.com,1976,5,10
Mx. Rachel Barber,kohdi111@gmail.com,1952,5,11
Mx. Emily Mcpherson,kohdi111@gmail.com,1960,5,12
Mx. Mary Black,kohdi111@gmail.com,2012,5,13
Mx. Gary Cox,kohdi111@gmail.com,1968,5,14
Mx. Cynthia Rice,kohdi111@gmail.com,1988,5,15
Mx. Donna Gallagher,kohdi111@gmail.com,2000,5,16
Mx. Jesse Anderson,kohdi111@gmail.com,1944,5,17
Mx. Dawn Mcguire,kohdi111@gmail.com,1936,5,18
Mx. Jose Fitzgerald,kohdi111@gmail.com,1944,5,19
Mx. Casey Lopez,kohdi111@gmail.com,1996,5,20
Mx. Joshua Jones,kohdi111@gmail.com,1916,5,21
Mx. James Krause,kohdi111@gmail.com,1920,5,22
Mx. Jill Stone,kohdi111@gmail.com,1952,5,23
Mx. William Perry,kohdi111@gmail.com,1972,5,24
Mx. Frances Perry,kohdi111@gmail.com,1908,5,25
Mx. Lacey Johnson,kohdi111@gmail.com,1984,5,26
Mx. Patricia Morse,kohdi111@gmail.com,1960,5,27
Mx. Donald Perez,kohdi111@gmail.com,1984,5,28
Mx. Megan Campbell,kohdi111@gmail.com,2016,5,29
Mx. Lee Pena Jr.,kohdi111@gmail.com,2004,5,30
Mx. Frances Gomez,kohdi111@gmail.com,1980,5,31
Mx. William Smith,kohdi111@gmail.com,1988,6,1
Mx. Jesse Luna,kohdi111@gmail.com,1996,6,2
Mx. Jorge Gallagher,kohdi111@gmail.com,1936,6,3
Mx. Jessica Smith,kohdi111@gmail.com,1944,6,4
Mx. Alexander Roberts,kohdi111@gmail.com,1912,6,5
Mx. Sara Ellis,kohdi111@gmail.com,1988,6,6
Mx. Samuel Campbell,kohdi111@gmail.com,1944,6,7
Mx. Nicole Wood,kohdi111@gmail.com,1948,6,8
Mx. Kari Knox,kohdi111@gmail.com,1992,6,9
Mx. Sheri Jones,kohdi111@gmail.com,2000,6,10
Mx. Stephanie Bennett,kohdi111@gmail.com,1900,6,12
Mx. Jennifer Wallace,kohdi111@gmail.com,1944,6,12
Mx. Emily Christian,kohdi111@gmail.com,1960,6,13
Mx. Jason Williams,kohdi111@gmail.com,1956,6,14
Mrs. Tonya Johnson,kohdi111@gmail.com,1908,6,15
Mx. Curtis Smith,kohdi111@gmail.com,1964,6,16
Mx. Brenda Nicholson,kohdi111@gmail.com,2000,6,17
Mx. Christopher Smith,kohdi111@gmail.com,1912,6,18
Mx. Megan Johnson,kohdi111@gmail.com,1968,6,19
Mx. Jerry Webb,kohdi111@gmail.com,1968,6,20
Mx. Kellie Clay,kohdi111@gmail.com,1940,6,21
Mx. Thomas Mason,kohdi111@gmail.com,1936,6,22
Mx. Gregory Rhodes,kohdi111@gmail.com,1928,6,23
Mx. Melanie Mitchell,kohdi111@gmail.com,1964,6,24
Mx. Nicole Cruz,kohdi111@gmail.com,1912,6,25
Mx. Michael Washington,kohdi111@gmail.com,1912,6,26
Mx. Robert Carpenter,kohdi111@gmail.com,1904,6,27
Mx. Andrea Atkins,kohdi111@gmail.com,1972,6,28
Mx. Christopher Stephens,kohdi111@gmail.com,1904,6,29
Mx. Todd Sanchez,kohdi111@gmail.com,1932,6,30
Mx. Samuel Daniel,kohdi111@gmail.com,2004,7,1
Mx. Kathryn Meyers,kohdi111@gmail.com,1932,7,2
Mx. Mary Graham,kohdi111@gmail.com,1912,7,3
Mx. Theodore Smith,kohdi111@gmail.com,1944,7,4
Mx. Richard Shepard,kohdi111@gmail.com,1964,7,5
Mx. Sandra Spence,kohdi111@gmail.com,1908,7,6
Mx. Michael Miller,kohdi111@gmail.com,1928,7,7
Mx. Stephanie Williams,kohdi111@gmail.com,1940,7,8
Mx. Tamara Perry,kohdi111@gmail.com,1980,7,9
Mx. Autumn White,kohdi111@gmail.com,2000,7,10
Mx. Hannah Macias,kohdi111@gmail.com,1980,7,11
Mx. Terry Lewis,kohdi111@gmail.com,1976,7,12
Mx. Steven Craig,kohdi111@gmail.com,1992,7,13
Mx. Steven Scott,kohdi111@gmail.com,1904,7,14
Mx. Matthew Galloway,kohdi111@gmail.com,1996,7,15
Mx. Karen Mckinney,kohdi111@gmail.com,1984,7,16
Mx. Denise Branch MD,kohdi111@gmail.com,2008,7,17
Mx. Tanya Davidson,kohdi111@gmail.com,1908,7,18
Mx. Allen Santos,kohdi111@gmail.com,1960,7,19
Mx. Stephanie Perez,kohdi111@gmail.com,1920,7,20
Mx. Troy Moon,kohdi111@gmail.com,1984,7,21
Mx. Patricia Wells,kohdi111@gmail.com,2000,7,22
Mx. Victoria Maldonado,kohdi111@gmail.com,1988,7,23
Mx. Christopher Mitchell,kohdi111@gmail.com,1904,7,24
Mx. Thomas Jimenez,kohdi111@gmail.com,1964,7,25
Mx. Laura Holt,kohdi111@gmail.com,1992,7,26
Mx. Michael Green,kohdi111@gmail.com,1940,7,27
Mx. Tina Leon,kohdi111@gmail.com,1904,7,28
Mx. Donald Henderson,kohdi111@gmail.com,1908,7,29
Mx. David West,kohdi111@gmail.com,2012,7,30
Mx. Evan King,kohdi111@gmail.com,2012,7,31
Mx. Tyler Wolfe,kohdi111@gmail.com,1952,8,1
Mx. Amanda Singh,kohdi111@gmail.com,1928,8,2
Mx. Teresa Little,kohdi111@gmail.com,1928,8,3
Mx. Destiny Waters,kohdi111@gmail.com,1988,8,4
Mx. Kristi Knox,kohdi111@gmail.com,1916,8,5
Mx. Sarah Mcknight,kohdi111@gmail.com,1992,8,6
Mx. Donald Kelley,kohdi111@gmail.com,1964,8,7
Mx. Joe Contreras,kohdi111@gmail.com,1944,8,8
Mx. Lawrence Leach,kohdi111@gmail.com,1928,8,9
Mx. Raymond Gonzales,kohdi111@gmail.com,1932,8,10
Mx. Janice Hughes,kohdi111@gmail.com,1944,8,11
Mx. Linda Brown,kohdi111@gmail.com,1920,8,12
Mx. Eric Walters,kohdi111@gmail.com,1936,8,13
Mx. Joshua Martinez,kohdi111@gmail.com,1960,8,14
Mx. Max Hicks,kohdi111@gmail.com,2004,8,15
Mx. Peter Lawrence,kohdi111@gmail.com,1936,8,16
Mx. Rebecca Wagner,kohdi111@gmail.com,1948,8,17
Mx. Virginia Wall,kohdi111@gmail.com,1972,8,18
Mx. Donna Chang,kohdi111@gmail.com,1984,8,19
Mx. Christina Williams,kohdi111@gmail.com,1936,8,20
Mx. Peter Brown,kohdi111@gmail.com,2016,8,21
Mx. Erica Jones,kohdi111@gmail.com,2012,8,22
Mx. Brian Perez,kohdi111@gmail.com,1900,8,24
Mx. Melissa Erickson,kohdi111@gmail.com,1988,8,24
Mx. Mathew Lopez,kohdi111@gmail.com,1976,8,25
Mx. Ronald Glover,kohdi111@gmail.com,1940,8,26
Mx. Angel Crosby,kohdi111@gmail.com,1964,8,27
Mx. Shannon Rivera,kohdi111@gmail.com,1916,8,28
Mx. Stephanie Perez,kohdi111@gmail.com,1904,8,29
Mx. Mary Carter,kohdi111@gmail.com,1900,8,31
Mx. Ernest Powers,kohdi111@gmail.com,2008,8,31
Mx. Nicole Patel,kohdi111@gmail.com,1908,9,1
Mx. Sonya Robinson,kohdi111@gmail.com,1900,9,3
Mx. Morgan Roy,kohdi111@gmail.com,1912,9,3
Mx. Rachel Price,kohdi111@gmail.com,1916,9,4
Mx. Brandon Horton,kohdi111@gmail.com,1936,9,5
Mx. Shelby Vargas,kohdi111@gmail.com,1920,9,6
Mx. Gerald Roy,kohdi111@gmail.com,1960,9,7
Mx. Jeff Allen,kohdi111@gmail.com,1936,9,8
Mx. Dawn Ortiz,kohdi111@gmail.com,2020,9,9
Mx. Bruce Benson,kohdi111@gmail.com,1900,9,11
Mx. Damon Smith,kohdi111@gmail.com,1920,9,11
Mx. Leroy Hendricks,kohdi111@gmail.com,2016,9,12
Mx. Linda Allen,kohdi111@gmail.com,1912,9,13
Mx. Kimberly Harvey,kohdi111@gmail.com,2008,9,14
Mx. Robert Raymond,kohdi111@gmail.com,1964,9,15
Mx. Caleb Anderson,kohdi111@gmail.com,1964,9,16
Mx. Amy Wright,kohdi111@gmail.com,1932,9,17
Mx. Katelyn Chase,kohdi111@gmail.com,2008,9,18
Mx. Karen Stewart,kohdi111@gmail.com,1960,9,19
Mx. Matthew Miles,kohdi111@gmail.com,1960,9,20
Mx. Jonathan Reid,kohdi111@gmail.com,1940,9,21
Mx. Miss Jessica Baker,kohdi111@gmail.com,1908,9,22
Mx. Kimberly Bradshaw,kohdi111@gmail.com,2008,9,23
Mx. Ruth Evans,kohdi111@gmail.com,1940,9,24
Mx. Alan Aguilar,kohdi111@gmail.com,2000,9,25
Mx. Kyle Gilbert,kohdi111@gmail.com,1980,9,26
Mx. Keith Woods,kohdi111@gmail.com,1900,9,28
Mx. Jeffrey Jennings,kohdi111@gmail.com,2004,9,28
Mx. Steven Hartman,kohdi111@gmail.com,1928,9,29
Mx. Michael Potts,kohdi111@gmail.com,1944,9,30
Mx. Gregory Smith,kohdi111@gmail.com,2004,10,1
Mx. Shawn Murphy,kohdi111@gmail.com,2012,10,2
Mx. Brittany Molina,kohdi111@gmail.com,1956,10,3
Mx. Diana Nelson,kohdi111@gmail.com,1912,10,4
Mx. Amy Soto,kohdi111@gmail.com,2000,10,5
Mx. Diane Gonzalez,kohdi111@gmail.com,1904,10,6
Mx. William Roth,kohdi111@gmail.com,1964,10,7
Mx. Aaron Woods,kohdi111@gmail.com,1944,10,8
Mx. Terry Mendoza,kohdi111@gmail.com,1984,10,9
Mx. Elizabeth Baker,kohdi111@gmail.com,1952,10,10
Mr. Derek Rodriguez,kohdi111@gmail.com,1916,10,11
Mx. Patricia Petersen,kohdi111@gmail.com,1952,10,12
Mx. Angela Weaver,kohdi111@gmail.com,1968,10,13
Mx. Tyler Stephens,kohdi111@gmail.com,1936,10,14
Mx. John Cox,kohdi111@gmail.com,1904,10,15
Mx. Daniel Parker,kohdi111@gmail.com,1980,10,16
Mx. Daniel Poole,kohdi111@gmail.com,1972,10,17
Mx. Nathaniel Fox,kohdi111@gmail.com,1976,10,18
Mx. Angela Diaz,kohdi111@gmail.com,2016,10,19
Mx. Vanessa Sellers,kohdi111@gmail.com,1904,10,20
Mx. Stephen Bray,kohdi111@gmail.com,1940,10,21
Mx. Kenneth Ochoa,kohdi111@gmail.com,1944,10,22
Mx. Leslie Larson PhD,kohdi111@gmail.com,1960,10,23
Mx. Angela Lyons,kohdi111@gmail.com,1904,10,24
Mx. Laura Saunders,kohdi111@gmail.com,2012,10,25
Mx. Fernando Norris,kohdi111@gmail.com,1980,10,26
Mrs. Sandra Diaz PhD,kohdi111@gmail.com,1976,10,27
Mx. Allison Wang,kohdi111@gmail.com,1916,10,28
Mx. Michelle Lucas,kohdi111@gmail.com,1900,10,30
Mx. Kevin Neal,kohdi111@gmail.com,1948,10,30
Mx. Tiffany Adams,kohdi111@gmail.com,1900,11,1
Mx. Jonathan Chavez,kohdi111@gmail.com,2008,11,1
Mx. Michael Newman,kohdi111@gmail.com,1916,11,2
Mx. Scott English,kohdi111@gmail.com,1908,11,3
Dr. Shawn Garcia,kohdi111@gmail.com,1960,11,4
Mx. Jonathan Thomas,kohdi111@gmail.com,1944,11,5
Mx. Lisa Thomas,kohdi111@gmail.com,1936,11,6
Mx. John Reed,kohdi111@gmail.com,1916,11,7
Mx. Summer Cantu,kohdi111@gmail.com,1980,11,8
Mx. Scott Bradley,kohdi111@gmail.com,2008,11,9
Mx. Melissa Parsons,kohdi111@gmail.com,1992,11,10
Mx. Brandon Keith,kohdi111@gmail.com,1912,11,11
Mx. Briana Kelley MD,kohdi111@gmail.com,1924,11,12
Mx. Caleb Buchanan,kohdi111@gmail.com,1912,11,13
Mx. Robin Hill,kohdi111@gmail.com,1932,11,14
Mx. Autumn Morris,kohdi111@gmail.com,1988,11,15
Mx. Christopher Sanchez,kohdi111@gmail.com,1948,11,16
Mx. Danielle Thompson,kohdi111@gmail.com,2000,11,17
Mx. Cassidy Barnett,kohdi111@gmail.com,1980,11,18
Mx. Jennifer Mitchell,kohdi111@gmail.com,1996,11,19
Mrs. Morgan Hardin,kohdi111@gmail.com,1932,11,20
Mx. Maria Larson,kohdi111@gmail.com,2004,11,21
Mx. Susan Livingston,kohdi111@gmail.com,1968,11,22
Mx. Zachary Garcia,kohdi111@gmail.com,1900,11,24
Mx. Kathleen Miller,kohdi111@gmail.com,1992,11,24
Mx. Melissa West,kohdi111@gmail.com,2012,11,25
Mx. Meredith Phillips,kohdi111@gmail.com,2000,11,26
Mx. Betty Richmond,kohdi111@gmail.com,1948,11,27
Mx. Monica Castro,kohdi111@gmail.com,1960,11,28
Mx. Michael Benson,kohdi111@gmail.com,1964,11,29
Mx. Alan Ritter,kohdi111@gmail.com,1948,11,30
Mx. Heather Gray,kohdi111@gmail.com,1912,12,1
Mx. Bruce Watson,kohdi111@gmail.com,1952,12,2
Mx. Amanda Moyer,kohdi111@gmail.com,2000,12,3
Dr. Judith Kennedy PhD,kohdi111@gmail.com,2016,12,4
Mx. Eric Wilson,kohdi111@gmail.com,1956,12,5
Mx. Michael Avila,kohdi111@gmail.com,1940,12,6
Mx. Michael Howard,kohdi111@gmail.com,1956,12,7
Mx. Nichole Kennedy,kohdi111@gmail.com,1992,12,8
Mx. Matthew Aguirre,kohdi111@gmail.com,1952,12,9
Mx. Reginald Jackson,kohdi111@gmail.com,2012,12,10
Mx. Michael Robinson,kohdi111@gmail.com,1944,12,11
Mx. Leah Franco,kohdi111@gmail.com,1944,12,12
Mx. Brian Page,kohdi111@gmail.com,1992,12,13
Mx. Holly Oconnor,kohdi111@gmail.com,2004,12,14
Mx. Christopher Buck,kohdi111@gmail.com,1988,12,15
Mx. Nicholas Lopez,kohdi111@gmail.com,1944,12,16
Mx. Stacy Gilbert,kohdi111@gmail.com,1912,12,17
Mx. Austin Meyer,kohdi111@gmail.com,1976,12,18
Mx. Angela Patterson,kohdi111@gmail.com,1996,12,19
Mx. Bethany Golden,kohdi111@gmail.com,1988,12,20
Mx. Jose Hall,kohdi111@gmail.com,2004,12,21
Mx. Amanda West,kohdi111@gmail.com,1996,12,22
Mx. Jessica Velazquez,kohdi111@gmail.com,1908,12,23
Mx. Jacqueline Mclaughlin,kohdi111@gmail.com,1952,12,24
Mx. Laura Nguyen,kohdi111@gmail.com,1980,12,25
Mx. Ronald Carter,kohdi111@gmail.com,2016,12,26
Mx. Jeffery Dean,kohdi111@gmail.com,2012,12,27
Mx. Dylan Richardson,kohdi111@gmail.com,1944,12,28
Mx. Kathleen Schneider,kohdi111@gmail.com,1980,12,29
Mx. Jose Roberts,kohdi111@gmail.com,1908,12,30
Mx. Mikayla Brown,kohdi111@gmail.com,1944,12,31